window_start,window_end,mid_date,fp_ratio_mean,strong_neg_ratio_mean,abs_ratio_mean,somatic_ratio_mean,death_ratio_mean,passive_per_100s_mean,word_count_mean
1,5,2024-06-27,0.023,0.0,0.0013,0.0007,0.0,7.718,376.2
2,6,2024-06-27,0.0187,0.0,0.0007,0.0007,0.0,1.052,359.8
3,7,2024-06-27,0.0189,0.0,0.0007,0.0007,0.0,1.052,326.4
4,8,2024-06-28,0.0181,0.0,0.0014,0.0007,0.0,1.052,377.8
5,9,2024-07-03,0.015,0.0,0.0007,0.0,0.0,0.0,238.0
6,10,2024-07-03,0.012,0.0,0.0007,0.0,0.0,0.0,237.4
7,11,2024-07-03,0.0148,0.0,0.0007,0.0,0.0,5.0,228.8
8,12,2024-07-03,0.0198,0.0,0.0007,0.0,0.0,5.0,229.4
9,13,2024-07-03,0.0194,0.0,0.0,0.0,0.0,5.0,170.8
10,14,2024-07-03,0.0175,0.0,0.0,0.0024,0.0,8.334,166.6
11,15,2024-07-03,0.0198,0.0,0.0008,0.0024,0.0,8.958,290.0
12,16,2024-07-04,0.0192,0.0,0.003,0.0024,0.0,3.958,249.8
13,17,2024-07-04,0.0292,0.0,0.003,0.0024,0.0,3.958,245.0
14,18,2024-07-04,0.0345,0.0,0.003,0.0024,0.0,4.6,903.2
15,19,2024-07-04,0.0345,0.0,0.003,0.0,0.0,1.266,904.4
16,20,2024-07-05,0.0296,0.0,0.0022,0.0,0.0,0.642,783.4
17,21,2024-07-05,0.033,0.0,0.0,0.0,0.0,0.642,832.4
18,22,2024-07-06,0.0241,0.0,0.0,0.0,0.0,3.976,839.8
19,23,2024-07-07,0.0164,0.0,0.0,0.0,0.0,3.334,186.4
20,24,2024-07-07,0.0139,0.0,0.0,0.0,0.0,3.334,183.4
21,25,2024-07-08,0.0185,0.0,0.0015,0.0,0.0,5.334,200.8
22,26,2024-07-09,0.0162,0.0,0.0015,0.0,0.0,6.134,221.8
23,27,2024-07-09,0.0202,0.0,0.0015,0.0,0.0,4.228,229.8
24,28,2024-07-10,0.0202,0.0,0.0015,0.0,0.0,4.228,223.6
25,29,2024-07-11,0.029,0.0,0.0015,0.0,0.0,4.228,220.8
26,30,2024-07-11,0.0263,0.0,0.0,0.0,0.0,3.098,242.8
27,31,2024-07-11,0.0327,0.0,0.0,0.0,0.0,4.798,227.4
28,32,2024-07-11,0.0301,0.0,0.0,0.0,0.0,3.37,243.8
29,33,2024-07-11,0.0329,0.0,0.0,0.0,0.0,3.37,300.8
30,34,2024-07-12,0.0241,0.0,0.0,0.0,0.0,3.37,301.0
31,35,2024-07-14,0.0398,0.0,0.0,0.0022,0.0,2.5,264.2
32,36,2024-07-14,0.0355,0.0,0.0,0.0022,0.0,0.74,270.6
33,37,2024-07-14,0.0276,0.0,0.0,0.0022,0.0,8.74,251.0
34,38,2024-07-14,0.0291,0.0,0.0,0.0022,0.0,8.74,220.4
35,39,2024-07-14,0.0315,0.0,0.0024,0.0022,0.0,8.74,224.4
36,40,2024-07-15,0.0139,0.0,0.0024,0.0,0.0,8.74,220.0
37,41,2024-07-15,0.0124,0.0,0.0024,0.0,0.0,9.818,174.4
38,42,2024-07-16,0.017,0.0,0.0024,0.0,0.0,1.818,167.8
39,43,2024-07-16,0.0128,0.0,0.0024,0.0,0.0,1.818,141.2
40,44,2024-07-16,0.0212,0.0,0.0,0.0,0.0,2.818,155.6
41,45,2024-07-17,0.0212,0.0,0.0,0.0,0.0,2.818,159.8
42,46,2024-07-18,0.0183,0.0,0.002,0.0,0.0,1.0,181.8
43,47,2024-07-18,0.0189,0.0,0.002,0.0,0.0,4.158,212.8
44,48,2024-07-19,0.0284,0.0,0.002,0.0019,0.0,6.658,216.8
45,49,2024-07-19,0.0309,0.0,0.002,0.0019,0.0,7.324,205.2
46,50,2024-07-21,0.0309,0.0,0.002,0.0042,0.0,9.142,203.6
47,51,2024-07-21,0.0358,0.0,0.0,0.0042,0.0,9.142,159.2
48,52,2024-07-21,0.0288,0.0,0.0,0.0042,0.0,5.984,126.8
49,53,2024-07-21,0.0235,0.0,0.0,0.0023,0.0,3.484,140.0
50,54,2024-07-21,0.0117,0.0,0.0,0.0023,0.0,1.818,189.2
51,55,2024-07-21,0.0217,0.0,0.0,0.0,0.0,0.0,194.0
52,56,2024-07-22,0.0157,0.0,0.0,0.0,0.0,0.0,223.2
53,57,2024-07-22,0.0157,0.0,0.0,0.0,0.0,0.0,226.0
54,58,2024-07-23,0.0241,0.0,0.0,0.0,0.0,0.0,222.2
55,59,2024-07-27,0.0226,0.0,0.0,0.0,0.0,0.0,193.8
56,60,2024-07-27,0.0151,0.0,0.0,0.0,0.0,0.0,208.2
57,61,2024-07-27,0.023,0.0,0.0013,0.0,0.0,0.0,200.6
58,62,2024-07-27,0.0255,0.0,0.0013,0.0,0.0,0.0,195.6
59,63,2024-07-28,0.0129,0.0,0.0013,0.0,0.0,0.0,179.0
60,64,2024-07-29,0.0166,0.0,0.0013,0.0,0.0,0.0,229.0
61,65,2024-07-30,0.014,0.0,0.004,0.0,0.0,0.0,204.4
62,66,2024-07-30,0.0103,0.0,0.0027,0.0,0.0,0.8,237.2
63,67,2024-08-08,0.021,0.0,0.0027,0.0,0.0,0.8,245.0
64,68,2024-08-12,0.026,0.0,0.0027,0.0,0.0,3.022,293.2
65,69,2024-08-12,0.0244,0.0,0.003,0.0,0.0,3.022,429.8
66,70,2024-08-12,0.0306,0.0,0.0002,0.0037,0.0,3.022,456.0
67,71,2024-08-12,0.0372,0.0,0.0056,0.0037,0.0,2.222,402.0
68,72,2024-08-13,0.0442,0.0,0.0056,0.0037,0.0,2.222,397.2
69,73,2024-08-13,0.0405,0.0,0.0056,0.0037,0.0,0.0,373.6
70,74,2024-08-14,0.0452,0.0,0.0053,0.0037,0.0022,0.0,164.2
71,75,2024-08-15,0.0525,0.0,0.0053,0.0,0.0022,3.158,151.2
72,76,2024-08-16,0.0547,0.0,0.0,0.0,0.0022,3.158,160.2
73,77,2024-08-16,0.0416,0.0,0.0006,0.0006,0.0022,3.158,410.6
74,78,2024-08-16,0.0533,0.0,0.0006,0.0006,0.0022,3.158,402.6
75,79,2024-08-16,0.0496,0.0,0.0037,0.0006,0.0,3.898,454.2
76,80,2024-08-16,0.0421,0.0,0.0037,0.0006,0.0,2.644,474.2
77,81,2024-08-17,0.0429,0.0,0.0037,0.0006,0.0,4.712,569.0
78,82,2024-08-17,0.0384,0.0,0.003,0.0,0.0,4.712,340.8
79,83,2024-08-18,0.0321,0.0,0.003,0.0,0.0,4.712,337.4
80,84,2024-08-19,0.04,0.0,0.0,0.0,0.0,3.972,322.4
81,85,2024-08-19,0.0438,0.0,0.0,0.0,0.0,2.068,308.2
82,86,2024-08-19,0.0396,0.0,0.0015,0.0,0.0,2.564,332.6
83,87,2024-08-19,0.0406,0.0,0.0015,0.0,0.0,3.26,659.8
84,88,2024-08-20,0.0357,0.0,0.0015,0.0,0.0,3.26,656.4
85,89,2024-08-20,0.029,0.0,0.0015,0.0,0.0,6.26,663.2
86,90,2024-08-22,0.0215,0.0,0.0015,0.0,0.0,6.26,647.2
87,91,2024-08-22,0.0281,0.0,0.0,0.0,0.0,3.696,518.8
88,92,2024-08-22,0.045,0.0,0.0021,0.0,0.0,3.0,170.6
89,93,2024-08-24,0.0518,0.0,0.0021,0.0,0.0,3.0,165.8
90,94,2024-08-24,0.0477,0.0,0.0021,0.0,0.0,0.0,126.6
91,95,2024-08-24,0.0556,0.0,0.0021,0.0,0.0,2.5,154.6
92,96,2024-08-24,0.0502,0.0,0.0021,0.0,0.0,2.5,170.6
93,97,2024-08-24,0.0451,0.0,0.0,0.0,0.0,2.5,200.2
94,98,2024-08-25,0.0412,0.0,0.0,0.0,0.0,2.5,203.2
95,99,2024-08-25,0.0432,0.0,0.0,0.0,0.0,2.5,329.4
96,100,2024-08-25,0.0447,0.0,0.0,0.0,0.0,0.364,354.4
97,101,2024-08-25,0.034,0.0,0.0,0.0,0.0,1.198,347.0
98,102,2024-08-25,0.0265,0.0,0.0,0.0,0.0,4.356,321.8
99,103,2024-08-25,0.0285,0.0,0.0003,0.0,0.0,4.626,518.0
100,104,2024-08-25,0.0426,0.0,0.0003,0.0,0.0,4.626,387.4
101,105,2024-08-26,0.0347,0.0,0.0003,0.0,0.0,4.716,360.6
102,106,2024-08-27,0.0449,0.0,0.0003,0.0015,0.0,5.132,370.4
103,107,2024-08-27,0.0466,0.0002,0.0003,0.0015,0.0,2.154,578.4
104,108,2024-08-27,0.052,0.0002,0.0,0.0015,0.0,2.718,409.0
105,109,2024-08-27,0.0384,0.0002,0.0,0.0017,0.0,2.718,598.8
106,110,2024-08-28,0.0401,0.0002,0.0,0.0017,0.0,2.752,689.0
107,111,2024-08-28,0.0403,0.0002,0.0,0.0002,0.0,2.412,861.6
108,112,2024-08-29,0.0357,0.0,0.0,0.0005,0.0,3.066,834.4
109,113,2024-08-29,0.0254,0.0,0.0,0.0005,0.0,2.232,809.4
110,114,2024-08-31,0.0299,0.0,0.0,0.0003,0.0,2.804,731.2
111,115,2024-08-31,0.034,0.0,0.0007,0.0005,0.0,4.394,826.4
112,116,2024-08-31,0.0248,0.0,0.0013,0.0005,0.0,4.224,717.2
113,117,2024-08-31,0.0235,0.0,0.0022,0.0002,0.0,4.056,567.0
114,118,2024-09-01,0.0233,0.0,0.0022,0.0002,0.0,4.056,563.0
115,119,2024-09-01,0.0183,0.0,0.0022,0.0002,0.0,3.484,450.6
116,120,2024-09-01,0.018,0.0,0.0015,0.0,0.0,1.932,420.2
117,121,2024-09-01,0.0219,0.0,0.0009,0.0,0.0,1.192,342.4
118,122,2024-09-02,0.0239,0.0,0.0,0.0,0.0,1.478,354.8
119,123,2024-09-02,0.0335,0.0,0.0,0.0,0.0,1.478,413.8
120,124,2024-09-03,0.0397,0.0,0.0009,0.0,0.0,3.192,514.8
121,125,2024-09-03,0.0343,0.0,0.0009,0.0,0.0,2.666,338.8
122,126,2024-09-03,0.0342,0.0,0.0009,0.0008,0.0,3.254,384.8
123,127,2024-09-28,0.0314,0.0,0.0009,0.0008,0.0,2.302,331.6
124,128,2024-10-19,0.0266,0.0,0.0009,0.0008,0.0,2.302,286.8
125,129,2024-11-12,0.0209,0.0,0.0,0.0008,0.0,0.588,184.8
126,130,2025-02-14,0.019,0.0,0.0,0.0008,0.0,0.824,543.0
127,131,2025-03-03,0.0164,0.0,0.0004,0.0,0.0,0.574,625.2
128,132,2025-03-06,0.0347,0.0,0.0027,0.0,0.0,0.574,629.0
129,133,2025-03-06,0.0381,0.0,0.0027,0.0,0.0,1.626,652.2
130,134,2025-03-17,0.0404,0.0,0.0027,0.0,0.0,1.626,689.2
131,135,2025-04-02,0.0417,0.0,0.0027,0.0,0.0,2.64,348.0
132,136,2025-04-05,0.0394,0.0,0.0024,0.0,0.0,2.302,219.8
133,137,2025-04-05,0.0212,0.0,0.0,0.0,0.0,3.102,310.0
134,138,2025-04-05,0.0172,0.0,0.0,0.0,0.0,2.05,271.8
135,139,2025-04-06,0.0202,0.0,0.0011,0.0,0.0,6.494,316.2
136,140,2025-04-08,0.0183,0.0,0.0029,0.0,0.0,5.244,302.4
137,141,2025-04-11,0.0183,0.0,0.0029,0.0,0.0,5.244,303.4
138,142,2025-04-11,0.0179,0.0,0.0029,0.0,0.0,4.444,210.2
139,143,2025-05-06,0.0131,0.0,0.0029,0.0,0.0,4.444,253.6
140,144,2025-05-07,0.0101,0.0,0.0018,0.0,0.0,0.0,187.4
141,145,2025-05-13,0.0083,0.0,0.0,0.0,0.0,0.0,187.0
142,146,2025-05-17,0.0083,0.0,0.0,0.0,0.0,0.0,181.2
143,147,2025-05-18,0.0074,0.0,0.0,0.0,0.0,0.0,193.8
144,148,2025-05-19,0.0229,0.0,0.0,0.0,0.0,0.0,147.8
145,149,2025-05-21,0.0198,0.0,0.0,0.0,0.0,0.0,139.2
146,150,2025-05-21,0.0277,0.0,0.0,0.0,0.0,0.0,157.2
147,151,2025-06-01,0.0328,0.0,0.0,0.0,0.0,0.54,249.0
148,152,2025-06-01,0.0399,0.0,0.0,0.0,0.0,0.54,242.4
149,153,2025-06-01,0.0264,0.0,0.0,0.0,0.0,0.54,271.0
150,154,2025-06-01,0.0247,0.0,0.0024,0.0,0.0,0.54,264.2
151,155,2025-06-03,0.0168,0.0,0.0024,0.0,0.0,0.54,240.8
152,156,2025-06-10,0.0117,0.0,0.0024,0.0,0.0,3.334,161.2
153,157,2025-06-23,0.0064,0.0,0.0024,0.0004,0.0,3.62,280.6
154,158,2025-07-02,0.0034,0.0,0.0024,0.0004,0.0,3.62,272.6
155,159,2025-07-03,0.0058,0.0,0.0047,0.0004,0.0,3.62,298.6
156,160,2025-07-04,0.0083,0.0,0.0047,0.0004,0.0,3.62,295.2
157,161,2025-07-09,0.0122,0.0,0.0047,0.0004,0.0,0.286,310.2
158,162,2025-07-10,0.0088,0.0,0.0047,0.0,0.0,5.0,183.0
159,163,2025-07-13,0.0088,0.0,0.0047,0.0,0.0,5.0,165.0
160,164,2025-07-14,0.0142,0.0,0.0,0.0,0.0,5.0,136.8
161,165,2025-07-16,0.0154,0.0,0.0,0.0,0.0,5.0,161.2
162,166,2025-07-16,0.0139,0.0,0.0,0.0,0.0,5.0,135.0
163,167,2025-07-16,0.0139,0.0,0.0,0.0,0.0,0.0,142.8
164,168,2025-07-17,0.018,0.0,0.0,0.0,0.0,0.0,141.2
165,169,2025-07-18,0.0102,0.0,0.0,0.0,0.0,0.0,154.4
166,170,2025-07-18,0.0094,0.0,0.0014,0.0,0.0,0.87,147.6
167,171,2025-07-19,0.0082,0.0,0.0014,0.0,0.0,2.536,212.8
168,172,2025-07-24,0.0089,0.0,0.0024,0.0,0.0,2.684,318.4
169,173,2025-07-24,0.0048,0.0,0.0024,0.0,0.0,2.684,321.8
170,174,2025-07-24,0.0189,0.0,0.0029,0.0,0.0,3.24,397.8
171,175,2025-07-31,0.0162,0.0,0.0016,0.0,0.0,2.37,380.0
172,176,2025-08-01,0.0196,0.0,0.0016,0.0,0.0,0.704,318.8
173,177,2025-08-01,0.0216,0.0,0.0019,0.0,0.0,0.556,264.0
174,178,2025-08-02,0.0371,0.0,0.0019,0.0,0.0,0.556,287.8
175,179,2025-08-02,0.0348,0.0,0.0014,0.0,0.0,1.112,214.0
176,180,2025-08-02,0.0348,0.0,0.0014,0.0,0.0,1.112,220.0
177,181,2025-08-03,0.039,0.0,0.002,0.0,0.0,1.572,364.8
178,182,2025-08-03,0.0453,0.0,0.0006,0.0,0.0,1.572,311.6
179,183,2025-08-03,0.0405,0.0,0.0006,0.0,0.0,1.572,283.8
180,184,2025-08-06,0.0285,0.0,0.0006,0.0,0.0,3.318,283.2
181,185,2025-08-06,0.0427,0.0,0.0006,0.0,0.0,3.318,369.6
182,186,2025-08-06,0.0404,0.0,0.0,0.0,0.0,2.858,304.8
183,187,2025-08-07,0.0346,0.0,0.0,0.0016,0.0,4.286,314.0
184,188,2025-08-07,0.0252,0.0,0.0,0.0016,0.0,4.286,329.6
185,189,2025-08-08,0.0429,0.0,0.0,0.0016,0.0,1.428,341.6
186,190,2025-08-08,0.0373,0.0,0.0,0.0016,0.0,1.428,264.0
187,191,2025-08-08,0.0346,0.0,0.0004,0.0019,0.0,4.07,322.0
188,192,2025-08-08,0.0343,0.0,0.0004,0.0004,0.0,2.642,308.0
189,193,2025-08-09,0.0347,0.0,0.0004,0.0004,0.0,5.868,329.2
190,194,2025-08-09,0.0205,0.0,0.0004,0.0004,0.0,7.686,311.8
191,195,2025-08-09,0.018,0.0,0.0007,0.0014,0.0,11.804,442.4
192,196,2025-08-09,0.0173,0.0,0.002,0.0011,0.0,9.162,316.2
193,197,2025-08-09,0.0188,0.0,0.002,0.0011,0.0,9.162,375.8
194,198,2025-08-10,0.021,0.0,0.002,0.0011,0.0,5.936,389.8
195,199,2025-08-10,0.0255,0.0,0.002,0.0011,0.0,4.988,437.4
196,200,2025-08-10,0.0259,0.0,0.0016,0.0,0.0,2.12,413.8
197,201,2025-08-10,0.0247,0.0,0.0,0.0,0.0,2.12,405.0
198,202,2025-08-10,0.0204,0.0,0.0,0.0,0.0,2.12,346.6
199,203,2025-08-10,0.0249,0.0,0.0,0.0,0.0,5.756,305.8
200,204,2025-08-10,0.0301,0.0,0.0,0.0023,0.0,5.576,296.6
201,205,2025-08-10,0.0282,0.0,0.0,0.0023,0.0,4.326,176.2
202,206,2025-08-10,0.0294,0.0,0.0,0.004,0.0,4.326,180.8
203,207,2025-08-10,0.0435,0.0,0.0,0.004,0.0,4.326,191.0
204,208,2025-08-10,0.0432,0.0,0.0,0.004,0.0,0.69,186.8
205,209,2025-08-10,0.0416,0.0,0.0,0.0016,0.0,0.0,138.8
206,210,2025-08-11,0.037,0.0,0.0011,0.0016,0.0,6.25,166.6
207,211,2025-08-11,0.0394,0.0,0.0011,0.0,0.0,6.25,178.8
208,212,2025-08-11,0.0301,0.0,0.0011,0.0,0.0,7.678,178.8
209,213,2025-08-11,0.0221,0.0,0.0011,0.0,0.0,7.678,170.2
210,214,2025-08-11,0.0158,0.0,0.0011,0.0,0.0,7.678,180.8
211,215,2025-08-11,0.0207,0.0,0.0,0.0,0.0,3.928,150.6
212,216,2025-08-12,0.0231,0.0,0.0,0.0,0.0,3.928,157.6
213,217,2025-08-12,0.0314,0.0,0.0,0.0,0.0,2.5,228.2
214,218,2025-08-13,0.0339,0.0,0.0,0.0,0.0,2.5,273.2
215,219,2025-08-13,0.0347,0.0,0.0,0.0,0.0,5.358,267.8
216,220,2025-08-13,0.0415,0.0,0.0,0.0,0.0,2.858,276.2
217,221,2025-08-13,0.0458,0.0,0.0,0.0,0.0,2.858,261.6
218,222,2025-08-13,0.0386,0.0,0.0,0.0,0.0,2.858,186.4
219,223,2025-08-13,0.0395,0.0,0.0,0.0,0.0,2.858,172.0
220,224,2025-08-13,0.0383,0.0,0.0,0.0,0.0,1.38,187.8
221,225,2025-08-13,0.0284,0.0,0.0,0.0,0.0,1.38,188.6
222,226,2025-08-13,0.0295,0.0,0.0,0.0,0.0,1.38,172.8
223,227,2025-08-14,0.0358,0.0,0.0,0.0,0.0,1.38,268.2
224,228,2025-08-14,0.0337,0.0,0.0004,0.0004,0.0,2.12,349.4
225,229,2025-08-14,0.0341,0.0,0.0004,0.0004,0.0,0.74,328.0
226,230,2025-08-14,0.0338,0.0,0.0004,0.0004,0.0,0.74,335.4
227,231,2025-08-14,0.0226,0.0,0.0004,0.0004,0.0,2.962,339.0
228,232,2025-08-14,0.0214,0.0,0.0004,0.0004,0.0,2.962,245.2
229,233,2025-08-14,0.0293,0.0,0.0,0.0,0.0,2.222,146.2
230,234,2025-08-14,0.026,0.0,0.0,0.0,0.0,5.556,177.4
231,235,2025-08-14,0.031,0.0,0.0016,0.0,0.0,5.556,175.6
232,236,2025-08-14,0.0373,0.0,0.0016,0.0,0.0,3.334,177.2
233,237,2025-08-14,0.0287,0.0,0.0016,0.0,0.0,3.334,170.4
234,238,2025-08-15,0.0217,0.0,0.0016,0.0,0.0,3.334,189.0
235,239,2025-08-15,0.0255,0.0,0.0016,0.0015,0.0,0.0,209.4
236,240,2025-08-15,0.0219,0.0,0.0,0.0015,0.0,2.222,193.8
237,241,2025-08-15,0.0229,0.0,0.0,0.0015,0.0,2.846,229.0
238,242,2025-08-15,0.0301,0.0,0.0,0.0015,0.0,2.846,238.2
239,243,2025-08-15,0.0406,0.0,0.0,0.0015,0.0,2.846,227.4
240,244,2025-08-15,0.0346,0.0,0.0,0.0,0.0,2.846,190.2
241,245,2025-08-15,0.0341,0.0,0.0,0.0,0.0,0.624,194.8
242,246,2025-08-15,0.0355,0.0,0.0,0.0,0.0,0.74,191.4
243,247,2025-08-15,0.0291,0.0,0.0,0.0,0.0,0.74,236.0
244,248,2025-08-16,0.0266,0.0,0.0,0.0,0.0,1.43,497.6
245,249,2025-08-16,0.0378,0.0,0.0,0.0,0.0,1.43,500.6
246,250,2025-08-16,0.038,0.0,0.0,0.0,0.0,1.43,519.6
247,251,2025-08-16,0.0385,0.0,0.0019,0.0,0.0,1.866,486.4
248,252,2025-08-16,0.0404,0.0,0.0019,0.0,0.0,1.866,432.2
249,253,2025-08-16,0.0332,0.0,0.0019,0.0,0.0,1.176,168.2
250,254,2025-08-16,0.0219,0.0,0.0019,0.0,0.0,1.176,155.4
251,255,2025-08-17,0.0194,0.0,0.0019,0.0,0.0,2.046,142.8
252,256,2025-08-17,0.0182,0.0,0.0007,0.0,0.0,0.87,189.0
253,257,2025-08-17,0.0156,0.0,0.0007,0.0,0.0,0.87,195.2
254,258,2025-08-17,0.0174,0.0,0.0007,0.0,0.0,0.87,214.4
255,259,2025-08-17,0.033,0.0,0.0007,0.0,0.0,2.234,252.4
256,260,2025-08-17,0.0376,0.0,0.0007,0.0,0.0,1.364,242.8
257,261,2025-08-17,0.0404,0.0,0.0005,0.0,0.0,1.364,282.0
258,262,2025-08-17,0.0514,0.0,0.0005,0.0,0.0,1.364,300.8
259,263,2025-08-17,0.049,0.0,0.0005,0.0,0.0,1.364,263.6
260,264,2025-08-17,0.0365,0.0,0.0005,0.0,0.0,0.0,240.2
261,265,2025-08-18,0.0363,0.0,0.0005,0.0,0.0,0.0,253.4
262,266,2025-08-18,0.0232,0.0,0.0,0.0,0.0,0.0,169.0
263,267,2025-08-18,0.0129,0.0,0.001,0.0,0.0,0.666,179.8
264,268,2025-08-18,0.019,0.0,0.0025,0.0,0.0,1.154,233.2
265,269,2025-08-18,0.019,0.0,0.0025,0.0016,0.0,1.154,227.8
266,270,2025-08-18,0.023,0.0,0.0025,0.0016,0.0,1.154,234.0
267,271,2025-08-19,0.0264,0.0,0.0025,0.0016,0.0,1.154,239.8
268,272,2025-08-19,0.0245,0.0,0.0015,0.0016,0.0,0.488,399.6
269,273,2025-08-19,0.0171,0.0,0.0,0.0035,0.0,1.428,383.2
270,274,2025-08-19,0.014,0.0,0.0,0.002,0.0,1.428,386.2
271,275,2025-08-19,0.0075,0.0,0.0,0.002,0.0,1.428,371.2
272,276,2025-08-19,0.008,0.0,0.0,0.002,0.0,1.428,379.2
273,277,2025-08-20,0.009,0.0,0.0,0.002,0.0,1.428,181.8
274,278,2025-08-20,0.012,0.0,0.0,0.0,0.0,0.656,292.0
275,279,2025-08-20,0.0164,0.0,0.0,0.0003,0.0,0.934,420.6
276,280,2025-08-21,0.021,0.0,0.0022,0.0003,0.0,1.46,465.8
277,281,2025-08-21,0.0213,0.0,0.0022,0.0003,0.0,1.46,450.6
278,282,2025-08-21,0.0218,0.0,0.0022,0.0003,0.0,1.46,451.4
279,283,2025-08-22,0.0189,0.0,0.0022,0.0003,0.0,0.804,334.2
280,284,2025-08-22,0.0145,0.0,0.0022,0.0,0.0,2.192,195.4
281,285,2025-08-22,0.0101,0.0,0.0,0.0,0.0,1.666,171.4
282,286,2025-08-22,0.0075,0.0,0.0007,0.0,0.0,2.254,227.4
283,287,2025-08-22,0.0049,0.0,0.0007,0.0,0.0,2.254,231.6
284,288,2025-08-23,0.0037,0.0,0.003,0.0,0.0,2.254,206.6
285,289,2025-08-23,0.0069,0.0,0.003,0.0,0.0,0.588,211.2
286,290,2025-08-23,0.0151,0.0,0.003,0.0,0.0,0.588,212.8
287,291,2025-08-23,0.0228,0.0,0.0023,0.0,0.0,0.0,155.2
288,292,2025-08-23,0.0228,0.0,0.0023,0.0,0.0,0.408,212.6
289,293,2025-08-23,0.0432,0.0,0.0,0.0,0.0,1.408,224.0
290,294,2025-08-23,0.0401,0.0,0.0,0.0,0.0,1.408,221.4
291,295,2025-08-23,0.0343,0.0,0.0016,0.0,0.0,1.408,208.6
292,296,2025-08-24,0.0325,0.0,0.0016,0.0,0.0,1.408,208.0
293,297,2025-08-25,0.0325,0.0,0.0016,0.0,0.0,1.0,176.0
294,298,2025-08-25,0.0137,0.0,0.0016,0.0,0.0,0.0,171.6
295,299,2025-08-25,0.0149,0.0,0.0027,0.0,0.0,0.0,192.8
296,300,2025-08-25,0.0211,0.0,0.0012,0.0,0.0,0.0,199.8
297,301,2025-08-26,0.0222,0.0,0.0012,0.0,0.0,0.0,224.6
298,302,2025-08-26,0.027,0.0,0.0012,0.0,0.0,0.0,197.0
299,303,2025-08-26,0.0292,0.0,0.0012,0.0,0.0,0.54,219.4
300,304,2025-08-26,0.032,0.0,0.0,0.0,0.0,1.54,211.2
301,305,2025-08-27,0.0248,0.0,0.0,0.0,0.0,2.164,244.8
302,306,2025-08-27,0.0241,0.0,0.0,0.0,0.0,3.306,310.6
303,307,2025-08-27,0.0203,0.0,0.0,0.0,0.0,4.176,341.8
304,308,2025-08-28,0.0247,0.0,0.0,0.0,0.0,3.636,325.8
305,309,2025-08-29,0.0208,0.0,0.0,0.0,0.0,2.636,343.4
306,310,2025-08-29,0.0193,0.0,0.0,0.0,0.0,2.012,344.4
307,311,2025-08-30,0.0203,0.0,0.0,0.0013,0.0,2.204,275.8
308,312,2025-08-31,0.0265,0.0,0.0,0.0013,0.0,1.334,243.0
309,313,2025-08-31,0.0203,0.0,0.0,0.0013,0.0,1.334,229.0
310,314,2025-08-31,0.0234,0.0,0.0,0.0013,0.0,2.168,225.0
311,315,2025-08-31,0.0239,0.0,0.0,0.0013,0.0,3.038,208.0
312,316,2025-09-01,0.0306,0.0,0.0,0.0,0.0,1.704,197.6
313,317,2025-09-01,0.0282,0.0,0.0,0.0004,0.0,2.36,329.6
314,318,2025-09-01,0.0412,0.0,0.0,0.0004,0.0,2.36,332.0
315,319,2025-09-01,0.0382,0.0,0.0,0.0004,0.0,1.526,298.4
316,320,2025-09-01,0.044,0.0,0.0003,0.0014,0.0,0.93,391.4
317,321,2025-09-01,0.0344,0.0,0.0003,0.0014,0.0,2.748,385.0
318,322,2025-09-01,0.0415,0.0,0.0003,0.001,0.0,3.204,280.2
319,323,2025-09-01,0.0347,0.0,0.0003,0.001,0.0,3.204,424.6
320,324,2025-09-01,0.0359,0.0,0.0003,0.0022,0.0,3.204,450.8
321,325,2025-09-02,0.0349,0.0,0.0,0.0012,0.0,2.93,343.0
322,326,2025-09-02,0.0409,0.0,0.0,0.0012,0.0,1.982,383.2
323,327,2025-09-02,0.029,0.0,0.0017,0.0012,0.0,0.87,399.8
324,328,2025-09-02,0.023,0.0,0.0017,0.0012,0.0,0.87,249.4
325,329,2025-09-02,0.0252,0.0,0.0017,0.0,0.0,2.204,232.6
326,330,2025-09-02,0.0328,0.0,0.0032,0.0,0.0,2.974,292.8
327,331,2025-09-02,0.0374,0.0,0.0056,0.0,0.0,2.104,248.6
328,332,2025-09-02,0.0445,0.0,0.0057,0.0,0.0,2.104,215.0
329,333,2025-09-02,0.0435,0.0,0.0057,0.0,0.0,2.104,231.2
330,334,2025-09-02,0.041,0.0,0.0065,0.0,0.0,0.77,261.4
331,335,2025-09-03,0.0313,0.0,0.005,0.0,0.0,0.0,185.8
332,336,2025-09-03,0.0274,0.0,0.0027,0.0,0.0,0.0,184.2
333,337,2025-09-03,0.0284,0.0,0.0009,0.0,0.0,0.0,173.8
334,338,2025-09-03,0.0393,0.0,0.0009,0.0,0.0,0.0,159.0
335,339,2025-09-03,0.0439,0.0,0.0,0.0,0.0,0.0,118.2
336,340,2025-09-03,0.0503,0.0,0.0,0.0,0.0,5.0,127.8
337,341,2025-09-03,0.0441,0.0,0.0021,0.0,0.0,5.0,132.0
338,342,2025-09-03,0.0359,0.0,0.0032,0.0,0.0,5.334,209.2
339,343,2025-09-03,0.032,0.0,0.0033,0.0,0.0,5.846,497.0
340,344,2025-09-03,0.0285,0.0,0.0033,0.0,0.0,5.846,504.0
341,345,2025-09-04,0.0236,0.0,0.0033,0.0,0.0,0.846,505.6
342,346,2025-09-04,0.0223,0.0,0.0012,0.0,0.0,1.616,521.4
343,347,2025-09-05,0.0235,0.0,0.0014,0.0,0.0,3.282,467.8
344,348,2025-09-05,0.0206,0.0,0.0012,0.0,0.0,2.77,192.4
345,349,2025-09-05,0.024,0.0,0.0012,0.0,0.0,2.77,216.0
346,350,2025-09-05,0.0224,0.0,0.0012,0.0,0.0,3.64,211.4
347,351,2025-09-05,0.0254,0.0,0.0012,0.0,0.0,2.87,217.6
348,352,2025-09-05,0.0372,0.0,0.0002,0.0,0.0,1.134,427.2
349,353,2025-09-05,0.0389,0.0,0.0002,0.0,0.0,1.134,432.6
350,354,2025-09-06,0.0346,0.0,0.0002,0.0,0.0,1.134,430.8
351,355,2025-09-06,0.0315,0.0,0.0025,0.0,0.0,0.264,417.0
352,356,2025-09-06,0.0318,0.0,0.0033,0.0004,0.0,0.264,510.2
353,357,2025-09-06,0.0232,0.0,0.0031,0.0004,0.0,0.0,319.6
354,358,2025-09-06,0.018,0.0,0.0031,0.0004,0.0,2.106,306.8
355,359,2025-09-06,0.0199,0.0,0.0031,0.0004,0.0,2.106,382.6
356,360,2025-09-09,0.0263,0.0,0.0008,0.0004,0.0,2.418,579.2
357,361,2025-09-10,0.018,0.0,0.0,0.0,0.0,5.084,459.0
358,362,2025-09-10,0.0136,0.0,0.0,0.0,0.0,5.084,440.4
359,363,2025-09-10,0.0117,0.0,0.0,0.0,0.0,4.516,434.8
360,364,2025-09-10,0.0125,0.0,0.0,0.0,0.0,5.23,385.2
361,365,2025-09-10,0.0049,0.0,0.0,0.0,0.0,4.918,212.6
362,366,2025-09-10,0.0065,0.0,0.0,0.0,0.0,3.204,225.8
363,367,2025-09-10,0.0104,0.0,0.0,0.0,0.0,3.204,208.6
364,368,2025-09-10,0.0138,0.0,0.0,0.0,0.0,1.666,233.6
365,369,2025-09-10,0.0149,0.0,0.0,0.0025,0.0,2.286,180.0
366,370,2025-09-10,0.0162,0.0,0.0,0.0025,0.0,2.286,154.4
367,371,2025-09-10,0.0146,0.0,0.0,0.0025,0.0,1.334,148.2
368,372,2025-09-10,0.015,0.0,0.0,0.0025,0.0,1.334,160.0
369,373,2025-09-10,0.0178,0.0,0.0008,0.0025,0.0,1.662,256.8
370,374,2025-09-10,0.0148,0.0,0.0012,0.0004,0.0,0.646,367.6
371,375,2025-09-10,0.0125,0.0,0.0012,0.0004,0.0,0.646,368.6
372,376,2025-09-10,0.0191,0.0,0.0012,0.0004,0.0,0.646,385.8
373,377,2025-09-12,0.0202,0.0,0.0012,0.0004,0.0,0.646,368.0
374,378,2025-09-12,0.017,0.0,0.0004,0.001,0.0,0.318,321.0
375,379,2025-09-12,0.0244,0.0,0.0,0.0006,0.0,0.0,222.6
376,380,2025-09-12,0.0357,0.0,0.0,0.0006,0.0,0.0,358.8
377,381,2025-09-13,0.0321,0.0,0.0,0.0006,0.0,0.0,349.4
378,382,2025-09-16,0.0364,0.0,0.0,0.0006,0.0,0.0,451.2
379,383,2025-09-16,0.0441,0.0,0.0,0.0,0.0,2.778,433.2
380,384,2025-09-16,0.0478,0.0,0.0,0.0,0.0,2.778,425.6
381,385,2025-09-16,0.0365,0.0,0.0,0.0,0.0,2.778,297.6
382,386,2025-09-16,0.0439,0.0,0.0,0.0,0.0,2.778,307.4
383,387,2025-09-16,0.0342,0.0,0.0026,0.0,0.0,2.778,204.0
384,388,2025-09-16,0.03,0.0,0.0026,0.0,0.0,0.556,263.0
385,389,2025-09-16,0.0255,0.0,0.0029,0.0,0.0,0.996,483.4
386,390,2025-09-16,0.0392,0.0,0.0046,0.0,0.0,2.814,482.8
387,391,2025-09-17,0.0381,0.0,0.0046,0.0,0.0,2.814,466.0
388,392,2025-09-17,0.0466,0.0,0.0019,0.0,0.0,3.408,632.8
389,393,2025-09-17,0.0485,0.0,0.0019,0.0,0.0,3.148,774.6
390,394,2025-09-17,0.0469,0.0,0.0017,0.0,0.0,2.708,566.4
391,395,2025-09-20,0.0385,0.0,0.0,0.0,0.0,0.89,557.0
392,396,2025-09-21,0.044,0.0,0.0,0.0,0.0,0.89,581.2
393,397,2025-09-22,0.0398,0.0,0.0,0.0,0.0,0.296,433.4
394,398,2025-09-22,0.0372,0.0,0.001,0.0,0.0,0.236,253.4
395,399,2025-09-23,0.0433,0.0,0.001,0.0,0.0,1.006,270.4
396,400,2025-09-23,0.0506,0.0,0.0019,0.0,0.0,1.006,308.2
397,401,2025-09-23,0.038,0.0,0.0019,0.0,0.0,1.006,413.8
398,402,2025-09-24,0.0407,0.0,0.0019,0.0,0.0,1.006,397.8
399,403,2025-09-24,0.0372,0.0,0.001,0.0,0.0,0.77,340.8
400,404,2025-09-26,0.0285,0.0,0.0032,0.0,0.0,0.0,309.2
401,405,2025-09-27,0.0184,0.0,0.0023,0.0,0.0,0.0,270.6
402,406,2025-09-27,0.0162,0.0,0.0023,0.0,0.0,0.0,133.4
403,407,2025-09-27,0.0125,0.0,0.0023,0.0,0.0,0.246,319.8
404,408,2025-09-27,0.013,0.0,0.0023,0.0,0.0,0.246,299.2
405,409,2025-09-28,0.0168,0.0,0.0,0.0,0.0,0.246,294.6
406,410,2025-09-28,0.0184,0.0,0.0,0.0,0.0,0.246,298.2
407,411,2025-09-28,0.0351,0.0,0.0,0.0007,0.0,1.388,353.4
408,412,2025-09-28,0.0413,0.0,0.0,0.0007,0.0,1.142,166.4
409,413,2025-09-28,0.0385,0.0,0.0,0.0007,0.0,1.142,164.2
410,414,2025-09-28,0.0385,0.0,0.0004,0.0007,0.0,1.142,274.0
411,415,2025-09-28,0.0447,0.0,0.0004,0.0007,0.0,1.976,282.4
412,416,2025-09-28,0.0332,0.0,0.0022,0.0,0.0,0.834,238.4
413,417,2025-09-29,0.0253,0.0,0.0022,0.0,0.0,0.834,291.6
414,418,2025-09-29,0.0356,0.0,0.0022,0.0,0.0,0.834,304.6
415,419,2025-09-29,0.0394,0.0,0.0017,0.0,0.0,0.834,195.8
416,420,2025-09-29,0.0373,0.0,0.0017,0.0,0.0,0.454,258.8
417,421,2025-09-29,0.0398,0.0006,0.0006,0.0002,0.0,0.616,490.8
418,422,2025-09-29,0.0429,0.0006,0.0006,0.0002,0.0,1.416,461.6
419,423,2025-09-30,0.035,0.0006,0.0011,0.0002,0.0,1.996,544.2
420,424,2025-09-30,0.0363,0.0006,0.0011,0.0002,0.0,1.996,553.8
421,425,2025-09-30,0.0297,0.0006,0.0011,0.0002,0.0,2.876,496.4
422,426,2025-09-30,0.0236,0.0,0.0005,0.0006,0.0,2.714,338.6
423,427,2025-09-30,0.0266,0.0,0.0005,0.0006,0.0,2.322,383.4
424,428,2025-09-30,0.0331,0.0,0.0018,0.0006,0.0,1.742,297.6
425,429,2025-09-30,0.0239,0.0,0.0018,0.0006,0.0,2.742,292.6
426,430,2025-10-01,0.0267,0.0,0.0018,0.0006,0.0,1.408,308.0
427,431,2025-10-01,0.0273,0.0,0.0018,0.0,0.0,1.408,224.8
428,432,2025-10-01,0.0352,0.0,0.0018,0.0,0.0,1.0,171.8
429,433,2025-10-01,0.0298,0.0,0.0017,0.0,0.0,1.0,174.2
430,434,2025-10-01,0.0274,0.0,0.0017,0.0,0.0,0.0,177.2
431,435,2025-10-02,0.0246,0.0,0.0017,0.0,0.0,0.0,164.0
432,436,2025-10-02,0.0254,0.0,0.0017,0.0,0.0,0.0,174.8
433,437,2025-10-02,0.0203,0.0,0.0017,0.0,0.0,0.8,188.2
434,438,2025-10-02,0.0267,0.0,0.0002,0.0,0.0,0.936,480.0
435,439,2025-10-02,0.0247,0.0,0.0002,0.0,0.0,2.602,471.6
436,440,2025-10-03,0.0251,0.0,0.0002,0.0017,0.0,2.602,466.4
437,441,2025-10-03,0.0277,0.0,0.0002,0.0017,0.0,2.602,458.6
438,442,2025-10-03,0.0383,0.0,0.0002,0.0017,0.0,1.802,426.6
439,443,2025-10-03,0.0361,0.0,0.0006,0.0017,0.0,1.666,190.6
440,444,2025-10-05,0.043,0.0,0.0006,0.0017,0.0,0.0,215.4
441,445,2025-10-05,0.049,0.0,0.0015,0.0,0.0,0.0,295.8
442,446,2025-10-06,0.0461,0.0,0.0015,0.0,0.0,0.0,309.8
443,447,2025-10-08,0.0302,0.0,0.0015,0.0,0.0,0.0,334.8
444,448,2025-10-16,0.0282,0.0,0.0028,0.0,0.0,0.0,277.4
445,449,2025-10-16,0.0375,0.0,0.0028,0.0,0.0,0.0,263.6
446,450,2025-10-16,0.0299,0.0,0.0019,0.0,0.0,0.0,184.8
447,451,2025-10-16,0.0271,0.0,0.0019,0.0,0.0,0.0,168.0
448,452,2025-10-16,0.0219,0.0,0.0019,0.0,0.0,1.74,162.0
449,453,2025-10-16,0.0246,0.0,0.0,0.0,0.0,2.766,221.2
450,454,2025-10-16,0.0215,0.0,0.0,0.0,0.0,2.766,223.8
451,455,2025-10-16,0.0259,0.0,0.0,0.0,0.0,2.766,211.2
452,456,2025-10-17,0.036,0.0,0.0002,0.0002,0.0,3.412,428.6
453,457,2025-10-17,0.036,0.0,0.0002,0.001,0.0,2.488,454.2
454,458,2025-10-17,0.0328,0.0,0.002,0.001,0.0,1.462,400.0
455,459,2025-10-17,0.0216,0.0,0.002,0.001,0.0,1.462,425.0
456,460,2025-10-17,0.0232,0.0,0.002,0.001,0.0,1.462,422.0
457,461,2025-10-17,0.0248,0.0,0.0017,0.002,0.0,1.076,361.8
458,462,2025-10-17,0.034,0.0,0.0017,0.0013,0.0,0.26,341.4
459,463,2025-10-18,0.0412,0.0,0.0,0.0013,0.0,0.26,336.6
460,464,2025-10-18,0.0455,0.0,0.0,0.0022,0.0,1.402,341.4
461,465,2025-10-19,0.0406,0.0,0.0,0.0022,0.0,1.402,370.6
462,466,2025-10-19,0.0289,0.0,0.0,0.0052,0.0,1.142,215.6
463,467,2025-10-19,0.0324,0.0,0.0,0.0052,0.0,1.142,215.2
464,468,2025-10-19,0.0217,0.0,0.0008,0.0052,0.0,1.142,249.2
465,469,2025-10-19,0.0154,0.0,0.0008,0.0043,0.0,0.0,206.4
466,470,2025-10-19,0.0245,0.0,0.0008,0.0043,0.0,0.0,221.4
467,471,2025-10-19,0.0348,0.0,0.0043,0.0,0.0,0.0,225.2
468,472,2025-10-20,0.034,0.0,0.0043,0.0,0.0,0.0,204.0
469,473,2025-10-20,0.0345,0.0,0.0034,0.0,0.0,0.572,189.2
470,474,2025-10-21,0.0442,0.0,0.0034,0.0,0.0,0.572,209.2
471,475,2025-10-21,0.0341,0.0,0.0034,0.0018,0.0,0.572,174.2
472,476,2025-10-21,0.0305,0.0,0.0,0.0018,0.0,5.836,174.4
473,477,2025-10-21,0.025,0.0,0.0,0.0018,0.0,5.836,183.0
474,478,2025-10-21,0.0295,0.0,0.0,0.0018,0.0,5.264,199.8
475,479,2025-10-21,0.029,0.0,0.0,0.0018,0.0,5.79,254.4
476,480,2025-10-21,0.0365,0.0,0.0,0.0,0.0,6.7,394.6
477,481,2025-10-21,0.0335,0.0,0.0,0.0,0.0,1.436,393.6
478,482,2025-10-22,0.0294,0.0,0.0,0.0,0.0,1.436,432.8
479,483,2025-10-22,0.0342,0.0,0.001,0.0,0.0,2.092,478.0
480,484,2025-10-22,0.0286,0.0,0.001,0.0,0.0,1.566,413.8
481,485,2025-10-23,0.0296,0.0,0.001,0.0,0.0,0.656,361.6
482,486,2025-10-23,0.0294,0.0,0.001,0.0,0.0,0.656,413.4
483,487,2025-10-23,0.0377,0.0,0.001,0.0,0.0,1.832,422.6
484,488,2025-10-23,0.0504,0.0,0.0,0.0,0.0,1.176,333.2
485,489,2025-10-24,0.0593,0.0,0.0018,0.0,0.0,1.176,334.8
486,490,2025-10-24,0.0555,0.0,0.0018,0.0,0.0,1.176,265.0
487,491,2025-10-24,0.0581,0.0,0.0018,0.0,0.0,1.176,223.0
488,492,2025-10-24,0.0561,0.0,0.0018,0.0,0.0,0.0,200.4
489,493,2025-10-24,0.0354,0.0,0.0018,0.0,0.0,0.0,208.4
490,494,2025-10-24,0.024,0.0,0.0,0.0,0.0,0.0,337.4
491,495,2025-10-24,0.0425,0.0,0.0011,0.0,0.0,0.0,341.0
492,496,2025-10-24,0.0432,0.0,0.0011,0.0,0.0,1.538,345.2
493,497,2025-10-24,0.037,0.0,0.0011,0.0,0.0,2.59,333.6
494,498,2025-10-24,0.0368,0.0,0.0011,0.0,0.0,2.59,389.0
495,499,2025-10-24,0.0477,0.0,0.0011,0.0,0.0,2.59,272.2
496,500,2025-10-24,0.0333,0.0,0.0,0.0,0.0,2.59,244.8
497,501,2025-10-25,0.0452,0.0,0.0014,0.0,0.0,1.052,238.0
498,502,2025-10-25,0.0517,0.0,0.0027,0.0,0.0,1.176,235.6
499,503,2025-10-25,0.0485,0.0,0.0027,0.0,0.0,2.842,173.0
500,504,2025-10-25,0.0397,0.0,0.0034,0.0,0.0,3.924,213.6
501,505,2025-10-25,0.0413,0.0,0.0051,0.0,0.0,3.924,221.6
502,506,2025-10-25,0.0299,0.0,0.0037,0.0,0.0,3.924,213.0
503,507,2025-10-26,0.021,0.0,0.0024,0.0,0.0,2.748,193.4
504,508,2025-10-26,0.0366,0.0,0.0024,0.0,0.0,2.62,202.6
505,509,2025-10-26,0.0446,0.0,0.0045,0.0,0.0,1.538,138.2
506,510,2025-10-26,0.0443,0.0,0.0028,0.0,0.0,1.538,136.8
507,511,2025-10-26,0.0403,0.0,0.0028,0.0,0.0,1.538,158.2
508,512,2025-10-26,0.049,0.0,0.0028,0.0,0.0,1.538,207.6
509,513,2025-10-27,0.0376,0.0,0.0028,0.0,0.0,0.0,200.4
510,514,2025-10-27,0.0289,0.0,0.0,0.0,0.0,0.646,254.8
511,515,2025-10-27,0.021,0.0,0.0,0.0,0.0,0.646,298.8
512,516,2025-10-27,0.0203,0.0,0.0,0.0,0.0,0.646,331.4
513,517,2025-10-28,0.0116,0.0,0.0,0.0,0.0,0.646,289.6
514,518,2025-10-30,0.0217,0.0,0.0,0.0012,0.0,0.94,412.2
515,519,2025-10-31,0.0251,0.0,0.0012,0.0012,0.0,0.294,390.4
516,520,2025-10-31,0.0251,0.0,0.0012,0.0012,0.0,2.112,367.8
517,521,2025-10-31,0.0291,0.0,0.0012,0.0012,0.0,4.016,327.8
518,522,2025-10-31,0.0331,0.0,0.0012,0.0012,0.0,4.016,364.2
519,523,2025-10-31,0.0242,0.0,0.0012,0.0,0.0,3.722,259.4
520,524,2025-11-01,0.0244,0.0,0.0,0.0006,0.0,4.864,302.4
521,525,2025-11-02,0.0294,0.0,0.0,0.0014,0.0,3.976,399.8
522,526,2025-11-04,0.0261,0.0,0.0,0.0014,0.0,3.248,388.6
523,527,2025-11-04,0.0458,0.0,0.0,0.0014,0.0,3.248,351.6
524,528,2025-11-04,0.0501,0.0,0.0,0.0014,0.0,3.248,348.8
525,529,2025-11-04,0.0648,0.0,0.0017,0.0008,0.0,2.106,285.2
526,530,2025-11-04,0.0664,0.0,0.0021,0.0003,0.0,1.946,303.6
527,531,2025-11-05,0.0655,0.0,0.0021,0.0003,0.0,0.77,316.6
528,532,2025-11-05,0.0642,0.0,0.0021,0.0003,0.0,4.77,306.8
529,533,2025-11-05,0.0661,0.0,0.0021,0.0003,0.0,4.77,295.8
530,534,2025-11-05,0.0567,0.0,0.0007,0.0003,0.0,4.77,443.2
531,535,2025-11-05,0.0544,0.0,0.0003,0.0,0.0,6.052,444.0
532,536,2025-11-06,0.0571,0.0,0.0003,0.0,0.0,6.436,620.6
533,537,2025-11-07,0.0512,0.0,0.0003,0.0,0.0,6.436,627.4
534,538,2025-11-09,0.0397,0.0,0.0003,0.0,0.0,9.102,629.4
535,539,2025-11-15,0.0394,0.0,0.0009,0.0009,0.0,9.726,583.2
536,540,2025-11-19,0.0328,0.0,0.0009,0.0009,0.0,9.674,436.0
537,541,2025-11-20,0.0406,0.0,0.0009,0.0009,0.0,10.624,254.6
538,542,2025-11-20,0.0344,0.0,0.0009,0.0009,0.0,8.052,268.8
539,543,2025-11-20,0.0455,0.0,0.0009,0.0009,0.0,5.386,281.4
540,544,2025-11-20,0.0484,0.0,0.0,0.0,0.0,4.762,170.4
541,545,2025-11-21,0.0492,0.0004,0.0004,0.0004,0.0,4.516,292.8
542,546,2025-11-21,0.0492,0.0004,0.0004,0.0004,0.0,3.182,317.4
543,547,2025-11-21,0.0388,0.0004,0.0004,0.0004,0.0,2.588,318.2
544,548,2025-11-21,0.0418,0.0004,0.0004,0.002,0.0,2.588,308.2
545,549,2025-11-21,0.0381,0.0004,0.0004,0.002,0.0,2.588,337.6
546,550,2025-11-22,0.052,0.0,0.0,0.0016,0.0,1.604,250.0
547,551,2025-11-22,0.05,0.0,0.0,0.0016,0.0,1.604,268.2
548,552,2025-11-22,0.0521,0.0,0.0,0.0016,0.0,2.104,252.0
549,553,2025-11-22,0.0437,0.0,0.0,0.0,0.0,2.104,247.4
550,554,2025-11-24,0.0418,0.0,0.0,0.0,0.0,2.104,225.8
551,555,2025-11-24,0.0319,0.0,0.0,0.0,0.0,1.334,195.2
552,556,2025-11-24,0.0253,0.0,0.0,0.0,0.0,3.0,139.6
553,557,2025-11-24,0.0346,0.0,0.0,0.0016,0.0,1.666,148.4
554,558,2025-11-24,0.0351,0.0,0.0,0.0016,0.0,2.97,259.0
555,559,2025-11-25,0.0267,0.0,0.0,0.0016,0.0,2.97,267.8
556,560,2025-11-25,0.022,0.0,0.0,0.0016,0.0,2.97,283.8
557,561,2025-11-26,0.0253,0.0,0.0006,0.0016,0.0,1.928,345.0
558,562,2025-11-27,0.0239,0.0,0.0006,0.0002,0.0,2.146,621.2
559,563,2025-12-01,0.0203,0.0,0.0015,0.0002,0.0,2.036,668.0
560,564,2025-12-01,0.0244,0.0,0.0015,0.0002,0.0,2.036,695.4
561,565,2025-12-01,0.027,0.0,0.0015,0.0002,0.0,2.036,720.6
562,566,2025-12-01,0.0262,0.0,0.0035,0.001,0.0,2.0,694.8
563,567,2025-12-01,0.0267,0.0,0.0035,0.0019,0.0,1.782,439.4
564,568,2025-12-01,0.0265,0.0,0.0032,0.0019,0.0,1.128,349.6
565,569,2025-12-01,0.0224,0.0,0.0032,0.0019,0.0,1.128,307.2
566,570,2025-12-02,0.0315,0.0,0.0034,0.0019,0.0,1.856,512.2
567,571,2025-12-02,0.0245,0.0,0.0008,0.001,0.0,1.268,511.4
568,572,2025-12-03,0.0141,0.0,0.0008,0.0,0.0,2.444,481.0
569,573,2025-12-03,0.0209,0.0,0.0002,0.0,0.0,1.904,424.2
570,574,2025-12-03,0.0307,0.0,0.0002,0.0,0.0,1.904,458.4
571,575,2025-12-04,0.0291,0.0,0.0,0.0,0.0,1.176,305.4
572,576,2025-12-04,0.0348,0.0,0.0,0.0,0.0,1.176,271.4
573,577,2025-12-05,0.0409,0.0,0.0,0.0,0.0,0.666,346.0
574,578,2025-12-05,0.0461,0.0,0.0,0.0,0.0,0.666,407.4
575,579,2025-12-05,0.0442,0.0,0.0,0.0,0.0,1.39,717.6
576,580,2025-12-05,0.0442,0.0,0.0,0.0,0.0,1.946,669.6
577,581,2025-12-06,0.041,0.0,0.0,0.0,0.0,2.502,760.8
578,582,2025-12-06,0.0446,0.0,0.0001,0.0001,0.0,2.296,1465.4
579,583,2025-12-07,0.0409,0.0,0.0001,0.0001,0.0,3.036,1659.0
580,584,2025-12-08,0.0389,0.0,0.0001,0.0001,0.0,2.312,1432.6
581,585,2025-12-09,0.0317,0.0,0.0001,0.0006,0.0,2.282,1453.4
582,586,2025-12-12,0.0373,0.0,0.0001,0.0006,0.0,1.726,1370.2
583,587,2025-12-12,0.0276,0.0,0.0,0.0006,0.0,1.266,591.8
584,588,2025-12-12,0.0298,0.0,0.0009,0.0006,0.0,1.468,539.2
585,589,2025-12-13,0.0264,0.0,0.0009,0.0006,0.0,1.468,441.4
586,590,2025-12-15,0.0354,0.0,0.0009,0.0,0.0,0.942,377.2
587,591,2025-12-17,0.0279,0.0,0.0009,0.0007,0.0,1.608,425.8
588,592,2025-12-17,0.038,0.0,0.0009,0.0007,0.0,1.608,467.6
589,593,2025-12-18,0.0353,0.0,0.0,0.0007,0.0,0.666,250.2
590,594,2025-12-18,0.0326,0.0,0.0,0.0007,0.0,0.666,233.8
591,595,2025-12-19,0.0334,0.0,0.0,0.0007,0.0,0.666,245.8
592,596,2025-12-19,0.0378,0.0,0.0,0.0,0.0,0.0,261.6
593,597,2025-12-19,0.033,0.0,0.0,0.0,0.0,0.0,234.8
594,598,2025-12-19,0.0295,0.0,0.0,0.0,0.0,5.714,234.4
595,599,2025-12-20,0.04,0.0,0.0007,0.0,0.0,5.714,291.2
596,600,2025-12-20,0.0297,0.0,0.0007,0.0,0.0,5.714,273.0
597,601,2025-12-20,0.0247,0.0,0.0007,0.0,0.0,5.714,225.8
598,602,2025-12-21,0.0261,0.0,0.0007,0.0022,0.0,5.714,205.8
599,603,2025-12-21,0.0361,0.0,0.0007,0.0022,0.0,0.0,202.0
600,604,2025-12-21,0.0289,0.0,0.0,0.0022,0.0,0.4,238.6
601,605,2025-12-21,0.0322,0.0,0.0,0.0026,0.0,0.67,368.6
602,606,2025-12-23,0.0361,0.0,0.0,0.0026,0.0,2.098,344.8
603,607,2025-12-23,0.0374,0.0,0.0,0.0004,0.0,2.098,390.6
604,608,2025-12-23,0.0303,0.0,0.0017,0.0004,0.0,2.462,456.4
605,609,2025-12-23,0.0425,0.0,0.0017,0.0004,0.0,2.062,371.8
606,610,2025-12-23,0.0392,0.0,0.0042,0.0,0.0,1.792,265.2
607,611,2025-12-24,0.0396,0.0,0.0042,0.0,0.0,0.364,316.8
608,612,2025-12-24,0.0434,0.0,0.0047,0.0005,0.0,1.092,359.8
609,613,2025-12-25,0.0341,0.0,0.003,0.0005,0.0,0.728,298.0
610,614,2025-12-25,0.024,0.0,0.003,0.0005,0.0,0.728,291.0
611,615,2025-12-25,0.0288,0.0,0.0005,0.0018,0.0,2.328,327.8
612,616,2025-12-26,0.0326,0.0,0.0005,0.0018,0.0,3.994,297.8
613,617,2025-12-26,0.0402,0.0,0.0015,0.0013,0.0,3.266,222.4
614,618,2025-12-26,0.044,0.0,0.0015,0.0013,0.0,3.266,229.0
615,619,2025-12-27,0.0527,0.0,0.0015,0.0013,0.0,3.266,220.6
616,620,2025-12-27,0.0476,0.0,0.0037,0.0,0.0,6.666,164.2
617,621,2025-12-28,0.042,0.0,0.0037,0.0,0.0,5.0,139.4
618,622,2025-12-28,0.0224,0.0,0.0022,0.0013,0.0,5.8,148.2
619,623,2025-12-28,0.0211,0.0,0.0022,0.0013,0.0,5.8,138.6
620,624,2025-12-29,0.007,0.0,0.0041,0.0013,0.0,5.8,146.6
621,625,2025-12-29,0.0061,0.0,0.0019,0.0013,0.0,0.8,163.4
622,626,2025-12-29,0.0093,0.0,0.0019,0.0013,0.0,0.8,176.0
623,627,2025-12-30,0.0093,0.0,0.003,0.0,0.0,1.176,187.6
624,628,2025-12-31,0.0141,0.0,0.0048,0.0,0.0,1.176,197.0
625,629,2026-01-02,0.0252,0.0,0.0029,0.0,0.0,2.842,192.2
626,630,2026-01-02,0.0382,0.0,0.0029,0.0007,0.0,2.842,232.8
627,631,2026-01-02,0.035,0.0,0.0029,0.0007,0.0,2.842,244.2
628,632,2026-01-02,0.0434,0.0,0.003,0.0007,0.0,1.666,233.6
629,633,2026-01-04,0.0379,0.0,0.0012,0.0007,0.0,1.666,236.8
630,634,2026-01-05,0.0279,0.0,0.0012,0.0007,0.0,3.81,256.0
631,635,2026-01-05,0.0183,0.0,0.0013,0.0,0.0,3.932,545.0
632,636,2026-01-05,0.0192,0.0,0.0013,0.0,0.0,5.672,547.0
633,637,2026-01-06,0.0123,0.0,0.0001,0.0,0.0,5.672,580.6
634,638,2026-01-08,0.0133,0.0,0.0001,0.0014,0.0,5.672,584.8
635,639,2026-01-09,0.0225,0.0,0.0001,0.0014,0.0,1.862,641.4
636,640,2026-01-09,0.0201,0.0,0.0007,0.0014,0.0,1.74,355.0
637,641,2026-01-10,0.0183,0.0,0.0007,0.0014,0.0,0.74,377.2
638,642,2026-01-10,0.0184,0.0,0.0007,0.0014,0.0,0.74,336.0
639,643,2026-01-12,0.0162,0.0,0.0007,0.0,0.0,0.74,402.8
640,644,2026-01-12,0.008,0.0,0.0007,0.0,0.0,0.74,326.2
641,645,2026-01-15,0.0072,0.0,0.0004,0.0004,0.0,1.312,369.0
642,646,2026-01-15,0.0183,0.0,0.0004,0.0004,0.0,3.534,356.8
643,647,2026-01-16,0.0194,0.0,0.0004,0.0004,0.0,4.444,365.2
644,648,2026-01-31,0.0263,0.0,0.0004,0.0011,0.0,5.068,344.4
645,649,2026-02-01,0.0331,0.0,0.0004,0.0011,0.0,6.094,443.0
646,650,2026-02-02,0.051,0.0,0.0,0.0007,0.0,5.522,356.2
647,651,2026-02-02,0.0395,0.0,0.0,0.0007,0.0,2.56,337.6
648,652,2026-02-02,0.0457,0.0,0.0,0.0007,0.0,2.206,377.2
649,653,2026-02-03,0.0392,0.0,0.0,0.0,0.0,2.154,352.6
650,654,2026-02-03,0.0372,0.0,0.0,0.0,0.0,2.18,262.2
651,655,2026-02-03,0.0228,0.0,0.0,0.0,0.0,2.18,251.8
652,656,2026-02-03,0.0365,0.0,0.0,0.0006,0.0,2.72,296.4
653,657,2026-02-03,0.0286,0.0,0.0,0.0006,0.0,2.77,279.6
654,658,2026-02-06,0.0309,0.0,0.0,0.0006,0.0,3.448,253.0
655,659,2026-02-06,0.0289,0.0,0.0,0.0006,0.0,2.396,262.2
656,660,2026-02-09,0.0259,0.0,0.0,0.0006,0.0,2.396,295.2
657,661,2026-02-09,0.0192,0.0,0.0,0.0,0.0,1.856,351.0
658,662,2026-02-09,0.0199,0.0,0.0,0.0,0.0,1.25,316.8
659,663,2026-02-16,0.0167,0.0,0.0,0.0,0.0,0.0,320.8
660,664,2026-02-16,0.0278,0.0,0.0,0.0,0.0,0.0,299.0
661,665,2026-02-16,0.0278,0.0,0.0,0.0006,0.0,1.632,321.8
662,666,2026-02-16,0.0273,0.0,0.0,0.0006,0.0,1.632,230.6
663,667,2026-02-18,0.0258,0.0,0.0,0.0006,0.0,1.632,223.4
664,668,2026-02-18,0.0302,0.0,0.0,0.0006,0.0,1.632,229.6
665,669,2026-02-21,0.0162,0.0,0.0,0.0006,0.0,2.466,264.4
666,670,2026-02-21,0.0172,0.0,0.0,0.0,0.0,0.834,237.4
667,671,2026-02-21,0.0181,0.0,0.0,0.0,0.0,2.652,210.4
668,672,2026-02-23,0.02,0.0,0.0,0.0,0.0,3.178,277.2
669,673,2026-02-23,0.0197,0.0,0.0,0.0,0.0,3.178,259.4
670,674,2026-02-24,0.0218,0.0,0.0,0.0,0.0,2.344,290.2
671,675,2026-02-26,0.0213,0.0,0.0024,0.0,0.0,2.344,257.2
672,676,2026-02-26,0.0187,0.0,0.0024,0.0,0.0,1.24,409.6
673,677,2026-02-27,0.0195,0.0,0.0024,0.0,0.0,0.714,380.4
674,678,2026-02-27,0.0296,0.0,0.006,0.0,0.0,0.714,383.0
675,679,2026-02-27,0.0253,0.0,0.006,0.0,0.0,0.714,353.2
676,680,2026-02-28,0.0254,0.0,0.0036,0.0,0.0,0.714,348.6
677,681,2026-02-28,0.0287,0.0,0.0051,0.0,0.0,0.0,209.6
678,682,2026-02-28,0.0319,0.0,0.0051,0.0,0.0,0.0,166.4
679,683,2026-03-01,0.0176,0.0,0.0015,0.0,0.0,0.0,175.2
680,684,2026-03-01,0.0282,0.0,0.0017,0.0,0.0,0.18,419.4
681,685,2026-03-01,0.0339,0.0,0.0017,0.0,0.0,0.18,422.8
682,686,2026-03-02,0.0324,0.0,0.0002,0.0,0.0,1.608,425.8
683,687,2026-03-02,0.0276,0.0,0.0002,0.0,0.0,1.608,454.4
684,688,2026-03-02,0.0343,0.0,0.0002,0.0,0.0,1.608,439.6
685,689,2026-03-02,0.0267,0.0,0.0006,0.0,0.0,1.428,225.0
686,690,2026-03-03,0.0241,0.0,0.0006,0.0,0.0,1.428,290.0
687,691,2026-03-03,0.0164,0.0,0.0006,0.0,0.0,0.0,269.6
688,692,2026-03-03,0.0227,0.0,0.0012,0.0,0.0,0.0,313.8
689,693,2026-03-03,0.0264,0.0,0.0015,0.0,0.0,0.442,981.2
690,694,2026-03-04,0.0314,0.0,0.0013,0.0,0.0,2.822,1031.8
691,695,2026-03-04,0.0394,0.0,0.002,0.0,0.0,4.984,1024.4
692,696,2026-03-05,0.0512,0.0,0.002,0.0,0.0,4.984,1026.6
693,697,2026-03-05,0.0447,0.0,0.0031,0.0,0.0,4.984,993.6
694,698,2026-03-05,0.05,0.0,0.0028,0.0,0.0,4.542,352.4
695,699,2026-03-05,0.045,0.0,0.0024,0.0,0.0,2.902,284.6
696,700,2026-03-06,0.0334,0.0,0.0017,0.0,0.0,0.74,259.6
697,701,2026-03-06,0.0364,0.0,0.0017,0.0,0.0,0.74,258.6
698,702,2026-03-06,0.0481,0.0,0.0008,0.0,0.0,1.228,339.8
699,703,2026-03-06,0.0399,0.0,0.0008,0.0,0.0,1.228,345.0
700,704,2026-03-07,0.0462,0.0,0.0011,0.0,0.0,0.488,457.8
701,705,2026-03-07,0.0492,0.0,0.0017,0.0,0.0,1.778,583.4
702,706,2026-03-07,0.0383,0.0,0.0017,0.0,0.0,1.778,589.0
703,707,2026-03-08,0.0257,0.0,0.0009,0.0,0.0,1.29,488.8
704,708,2026-03-08,0.0205,0.0,0.0009,0.0,0.0,1.29,487.4
705,709,2026-03-08,0.0203,0.0,0.0019,0.0,0.0,2.466,349.4
706,710,2026-03-08,0.0387,0.0,0.0013,0.0,0.0,1.176,196.0
707,711,2026-03-08,0.0417,0.0,0.0013,0.0,0.0,1.176,191.0
708,712,2026-03-08,0.0556,0.0,0.0013,0.0,0.0,1.176,177.0
709,713,2026-03-08,0.0544,0.0,0.0013,0.0,0.0,1.176,180.2
710,714,2026-03-09,0.0466,0.0,0.0008,0.0,0.0,2.962,295.8
711,715,2026-03-10,0.0337,0.0,0.0013,0.0,0.0,3.832,385.6
712,716,2026-03-10,0.0288,0.0,0.0013,0.0,0.0,3.832,389.8
713,717,2026-03-10,0.0165,0.0,0.0037,0.0,0.0,3.832,436.4
714,718,2026-03-10,0.0238,0.0,0.0039,0.0004,0.0,4.378,634.6
715,719,2026-03-10,0.0267,0.0,0.0053,0.0004,0.0,1.416,499.2
716,720,2026-03-10,0.0306,0.0,0.0055,0.0004,0.0,1.212,459.2
717,721,2026-03-11,0.0319,0.0,0.0055,0.0004,0.0,3.148,514.6
718,722,2026-03-11,0.0443,0.0,0.0034,0.0004,0.0,3.446,611.6
719,723,2026-03-11,0.0411,0.0,0.0032,0.0,0.0,2.9,389.4
720,724,2026-03-11,0.0377,0.0,0.001,0.0,0.0,3.982,419.2
721,725,2026-03-11,0.0246,0.0,0.0003,0.0,0.0,3.316,391.6
722,726,2026-03-11,0.0318,0.0,0.0003,0.0,0.0,1.892,398.6
723,727,2026-03-11,0.0178,0.0,0.0,0.0,0.0,1.594,248.6
724,728,2026-03-11,0.0193,0.0,0.0,0.0,0.0,2.334,296.0
725,729,2026-03-12,0.0183,0.0,0.0,0.0,0.0,1.252,263.8
726,730,2026-03-12,0.0377,0.0,0.0016,0.0,0.0,2.586,275.6
727,731,2026-03-12,0.0439,0.0,0.0016,0.0,0.0,3.74,211.2
728,732,2026-03-12,0.054,0.0,0.0016,0.0,0.0,5.34,267.2
729,733,2026-03-12,0.049,0.0,0.0022,0.0,0.0,5.172,298.8
730,734,2026-03-12,0.0549,0.0,0.0022,0.0,0.0,5.818,345.4
731,735,2026-03-12,0.0345,0.0,0.0006,0.0,0.0,4.484,301.0
732,736,2026-03-12,0.0254,0.0,0.0006,0.0,0.0,2.818,299.8
733,737,2026-03-12,0.02,0.0,0.0029,0.0,0.0,1.218,246.0
734,738,2026-03-12,0.0209,0.0,0.0024,0.0013,0.0,0.646,177.2
735,739,2026-03-12,0.0149,0.0,0.0024,0.0013,0.0,1.334,139.0
736,740,2026-03-13,0.0299,0.0,0.0028,0.0013,0.0,1.334,241.6
737,741,2026-03-14,0.0277,0.0,0.0032,0.0013,0.0,1.698,355.4
738,742,2026-03-14,0.0353,0.0,0.0009,0.0013,0.0,1.698,386.4
739,743,2026-03-14,0.0327,0.0,0.0009,0.0,0.0,1.698,374.8
740,744,2026-03-14,0.0538,0.0,0.0014,0.0,0.0,1.316,462.8
741,745,2026-03-15,0.0468,0.0,0.0027,0.0,0.0,1.316,401.8
742,746,2026-03-15,0.0561,0.0,0.0022,0.0,0.0,0.952,291.2
743,747,2026-03-15,0.0438,0.0,0.0022,0.0,0.0,0.952,278.6
744,748,2026-03-15,0.0465,0.0,0.0026,0.0,0.0,1.952,388.0
745,749,2026-03-17,0.0396,0.0,0.0021,0.0,0.0,3.962,311.4
746,750,2026-03-17,0.0434,0.0,0.0004,0.0005,0.0,4.762,354.2
747,751,2026-03-17,0.0421,0.0,0.0021,0.0005,0.0,4.762,356.8
748,752,2026-03-18,0.0431,0.0,0.0021,0.0005,0.0,4.762,375.4
749,753,2026-03-19,0.0416,0.0,0.0017,0.0005,0.0,6.762,280.8
750,754,2026-03-19,0.0305,0.0,0.0017,0.0005,0.0,3.8,274.8
751,755,2026-03-19,0.0188,0.0,0.0017,0.0,0.0,3.0,210.2
752,756,2026-03-20,0.0116,0.0,0.0004,0.0,0.0,3.652,446.0
753,757,2026-03-20,0.0188,0.0,0.0004,0.0,0.0,5.318,567.0
754,758,2026-03-21,0.0228,0.0,0.0004,0.0,0.0,2.318,551.8
755,759,2026-03-22,0.021,0.0,0.0018,0.0,0.0,2.964,598.0
756,760,2026-03-23,0.026,0.0,0.0018,0.0,0.0,2.964,595.2
757,761,2026-03-23,0.0265,0.0,0.0014,0.001,0.0,2.312,388.4
758,762,2026-03-23,0.0241,0.0,0.0014,0.0016,0.0,0.646,307.6
759,763,2026-03-23,0.0342,0.0,0.002,0.0016,0.0,1.944,450.6
760,764,2026-03-23,0.0356,0.0,0.0006,0.0016,0.0,1.786,447.6
761,765,2026-03-23,0.0361,0.0,0.0018,0.0016,0.0,1.786,504.6
762,766,2026-03-24,0.0356,0.0,0.0018,0.0006,0.0,6.072,481.0
763,767,2026-03-24,0.042,0.0,0.0018,0.0,0.0,6.072,403.2
764,768,2026-03-24,0.0375,0.0,0.0014,0.0,0.0,4.774,479.0
765,769,2026-03-24,0.0373,0.0,0.0014,0.0,0.0,5.824,423.6
766,770,2026-03-24,0.0352,0.0,0.0002,0.0,0.0,5.824,431.6
767,771,2026-03-26,0.0396,0.0,0.0002,0.0,0.0,1.538,423.4
768,772,2026-03-26,0.0294,0.0,0.0002,0.0,0.0,1.538,430.6
769,773,2026-03-26,0.0186,0.0,0.0,0.0,0.0,1.538,202.2
770,774,2026-03-26,0.0272,0.0,0.0002,0.0001,0.0,0.486,725.0
771,775,2026-03-26,0.0369,0.0,0.0002,0.0001,0.0,0.486,678.0
772,776,2026-03-27,0.0328,0.0,0.0002,0.0001,0.0,0.486,685.8
773,777,2026-03-28,0.0309,0.0,0.0002,0.0001,0.0,0.486,676.4
774,778,2026-03-28,0.0329,0.0,0.0002,0.0001,0.0,1.736,681.0
775,779,2026-03-28,0.0255,0.0,0.0,0.0,0.0,1.25,196.6
776,780,2026-03-28,0.0177,0.0,0.0,0.0,0.0,1.25,204.8
